A股代码,A股简称,A股上市日期
600000,浦发银行,11/10/1999
600004,白云机场,4/28/2003
600005,武钢股份,8/3/1999
600006,东风汽车,7/27/1999
600007,中国国贸,3/12/1999
600008,首创股份,4/27/2000
600009,上海机场,2/18/1998
600010,包钢股份,3/9/2001
600011,华能国际,12/6/2001
600012,皖通高速,1/7/2003
600015,华夏银行,9/12/2003
600016,民生银行,12/19/2000
600017,日照港,10/17/2006
600018,上港集团,10/26/2006
600019,宝钢股份,12/12/2000
600020,中原高速,8/8/2003
600021,上海电力,10/29/2003
600022,山东钢铁,6/29/2004
600023,浙能电力,12/19/2013
600026,中远海能,5/23/2002
600027,华电国际,2/3/2005
600028,中国石化,8/8/2001
600029,南方航空,7/25/2003
600030,中信证券,1/6/2003
600031,三一重工,7/3/2003
600033,福建高速,2/9/2001
600035,楚天高速,3/10/2004
600036,招商银行,4/9/2002
600037,歌华有线,2/8/2001
600038,中直股份,12/18/2000
600039,四川路桥,3/25/2003
600048,保利地产,7/31/2006
600050,中国联通,10/9/2002
600051,宁波联合,4/10/1997
600052,浙江广厦,4/18/1997
600053,九鼎投资,4/18/1997
600054,黄山旅游,5/6/1997
600055,万东医疗,5/19/1997
600056,中国医药,5/15/1997
600057,象屿股份,6/4/1997
600058,五矿发展,5/28/1997
600059,古越龙山,5/16/1997
600060,海信电器,4/22/1997
600061,国投安信,5/19/1997
600062,华润双鹤,5/22/1997
600063,皖维高新,5/28/1997
600064,南京高科,5/6/1997
600066,宇通客车,5/8/1997
600067,冠城大通,5/8/1997
600068,葛洲坝,5/26/1997
600069,银鸽投资,4/30/1997
600070,浙江富润,6/4/1997
600071,凤凰光学,5/28/1997
600072,钢构工程,6/3/1997
600073,上海梅林,7/4/1997
600074,保千里,6/23/1997
600075,新疆天业,6/17/1997
600076,康欣新材,5/26/1997
600077,宋都股份,5/20/1997
600078,澄星股份,6/27/1997
600079,人福医药,6/6/1997
600080,金花股份,6/12/1997
600081,东风科技,7/3/1997
600082,海泰发展,6/20/1997
600083,博信股份,6/6/1997
600084,中葡股份,7/11/1997
600085,同仁堂,6/25/1997
600086,东方金钰,6/6/1997
600088,中视传媒,6/16/1997
600089,特变电工,6/18/1997
600090,同济堂,6/16/1997
600091,ST明科,7/4/1997
600093,禾嘉股份,6/26/1997
600094,大名城,7/3/1997
600095,哈高科,7/8/1997
600096,云天化,7/9/1997
600097,开创国际,6/19/1997
600098,广州发展,7/18/1997
600099,林海股份,7/4/1997
600100,同方股份,6/27/1997
600101,明星电力,6/27/1997
600103,青山纸业,7/3/1997
600104,上汽集团,11/25/1997
600105,永鼎股份,9/29/1997
600106,重庆路桥,6/18/1997
600107,美尔雅,11/6/1997
600108,亚盛集团,8/18/1997
600109,国金证券,8/7/1997
600110,诺德股份,10/7/1997
600111,北方稀土,9/24/1997
600112,天成控股,11/27/1997
600113,浙江东日,10/21/1997
600114,东睦股份,5/11/2004
600115,东方航空,11/5/1997
600116,三峡水利,8/4/1997
600117,西宁特钢,10/15/1997
600118,中国卫星,9/8/1997
600119,长江投资,1/15/1998
600120,浙江东方,12/1/1997
600121,郑州煤电,1/7/1998
600122,宏图高科,4/20/1998
600123,兰花科创,12/17/1998
600125,铁龙物流,5/11/1998
600126,杭钢股份,3/11/1998
600127,金健米业,5/6/1998
600128,弘业股份,9/1/1997
600129,太极集团,11/18/1997
600130,波导股份,7/6/2000
600131,岷江水电,4/2/1998
600132,重庆啤酒,10/30/1997
600133,东湖高新,2/12/1998
600135,乐凯胶片,1/22/1998
600136,当代明诚,3/3/1998
600137,浪莎股份,4/16/1998
600138,中青旅,12/3/1997
600139,西部资源,2/25/1998
600141,兴发集团,6/16/1999
600143,金发科技,6/23/2004
600145,*ST新亿,9/23/1999
600146,商赢环球,7/7/1999
600148,长春一东,5/20/1998
600149,廊坊发展,10/14/1999
600150,中国船舶,5/20/1998
600151,航天机电,6/5/1998
600152,维科精华,6/9/1998
600153,建发股份,6/16/1998
600155,宝硕股份,9/18/1998
600156,华升股份,5/27/1998
600157,永泰能源,5/13/1998
600158,中体产业,3/27/1998
600159,大龙地产,5/26/1998
600160,巨化股份,6/26/1998
600161,天坛生物,6/16/1998
600162,香江控股,6/9/1998
600163,中闽能源,6/2/1998
600165,新日恒力,5/29/1998
600166,福田汽车,6/2/1998
600167,联美控股,1/28/1999
600168,武汉控股,4/27/1998
600169,太原重工,9/4/1998
600170,上海建工,6/23/1998
600171,上海贝岭,9/24/1998
600172,黄河旋风,11/26/1998
600173,卧龙地产,4/15/1999
600175,美都能源,4/8/1999
600176,中国巨石,4/22/1999
600177,雅戈尔,11/19/1998
600178,东安动力,10/14/1998
600179,安通控股,11/4/1998
600180,瑞茂通,7/3/1998
600182,S佳通,5/7/1999
600183,生益科技,10/28/1998
600184,光电股份,11/6/2003
600185,格力地产,6/11/1999
600186,莲花健康,8/25/1998
600187,国中水务,11/11/1998
600188,兖州煤业,7/1/1998
600189,吉林森工,10/7/1998
600190,锦州港,6/9/1999
600191,华资实业,12/10/1998
600192,长城电工,12/24/1998
600193,创兴资源,5/27/1999
600195,中牧股份,1/7/1999
600196,复星医药,8/7/1998
600197,伊力特,9/16/1999
600198,大唐电信,10/21/1998
600199,金种子酒,8/12/1998
600200,江苏吴中,4/1/1999
600201,生物股份,1/15/1999
600202,哈空调,6/3/1999
600203,福日电子,5/14/1999
600206,有研新材,3/19/1999
600207,安彩高科,7/14/1999
600208,新湖中宝,6/23/1999
600209,罗顿发展,3/25/1999
600210,紫江企业,8/24/1999
600211,西藏药业,7/21/1999
600212,*ST江泉,8/17/1999
600213,亚星客车,8/31/1999
600215,长春经开,9/9/1999
600216,浙江医药,10/21/1999
600217,中再资环,12/16/1999
600218,全柴动力,12/3/1998
600219,南山铝业,12/23/1999
600220,江苏阳光,9/27/1999
600221,海南航空,11/25/1999
600222,太龙药业,11/5/1999
600223,鲁商置业,1/13/2000
600225,天津松江,1/27/2000
600226,升华拜克,11/16/1999
600227,赤天化,2/21/2000
600228,昌九生化,1/19/1999
600229,城市传媒,3/9/2000
600230,*ST沧大,4/6/2000
600231,凌钢股份,5/11/2000
600232,金鹰股份,6/2/2000
600233,圆通速递,6/8/2000
600234,*ST山水,6/15/2000
600235,民丰特纸,6/15/2000
600236,桂冠电力,3/23/2000
600237,铜峰电子,6/9/2000
600238,海南椰岛,1/20/2000
600239,云南城投,12/2/1999
600240,华业资本,6/28/2000
600241,时代万恒,11/28/2000
600242,中昌数据,12/7/2000
600243,青海华鼎,11/20/2000
600246,万通地产,9/22/2000
600247,ST成城,11/23/2000
600248,延长化建,6/22/2000
600249,两面针,1/30/2004
600250,南纺股份,3/6/2001
600251,冠农股份,6/9/2003
600252,中恒集团,11/30/2000
600255,鑫科材料,11/22/2000
600256,广汇能源,5/26/2000
600257,大湖股份,6/12/2000
600258,首旅酒店,6/1/2000
600259,广晟有色,5/25/2000
600260,凯乐科技,7/6/2000
600261,阳光照明,7/20/2000
600262,北方股份,6/30/2000
600265,*ST景谷,8/25/2000
600266,北京城建,2/3/1999
600267,海正药业,7/25/2000
600268,国电南自,11/18/1999
600269,赣粤高速,5/18/2000
600270,外运发展,12/28/2000
600271,航天信息,7/11/2003
600272,开开实业,1/8/1997
600273,嘉化能源,6/27/2003
600275,武昌鱼,8/10/2000
600276,恒瑞医药,10/18/2000
600277,亿利洁能,7/25/2000
600278,东方创业,7/12/2000
600279,重庆港九,7/31/2000
600280,中央商场,9/26/2000
600281,太化股份,11/9/2000
600282,南钢股份,9/19/2000
600283,钱江水利,10/18/2000
600284,浦东建设,3/16/2004
600285,羚锐制药,10/18/2000
600287,江苏舜天,9/1/2000
600288,大恒科技,11/29/2000
600289,亿阳信通,7/20/2000
600290,华仪电气,11/6/2000
600291,西水股份,7/31/2000
600292,远达环保,11/1/2000
600293,三峡新材,9/19/2000
600295,鄂尔多斯,10/20/1995
600297,广汇汽车,11/16/2000
600298,安琪酵母,8/18/2000
600299,安迪苏,4/20/2000
600300,维维股份,6/30/2000
600301,*ST南化,7/12/2000
600302,标准股份,12/13/2000
600303,曙光股份,12/26/2000
600305,恒顺醋业,2/6/2001
600306,*ST商城,12/26/2000
600307,酒钢宏兴,12/20/2000
600308,华泰股份,9/28/2000
600309,万华化学,1/5/2000
600310,桂东电力,2/28/2001
600311,荣华实业,6/26/2001
600312,平高电气,2/21/2001
600313,农发种业,1/19/2001
600315,上海家化,3/15/2001
600316,洪都航空,12/15/2000
600317,营口港,1/31/2002
600318,新力金融,12/8/2000
600319,*ST亚星,3/26/2001
600320,振华重工,12/21/2000
600321,国栋建设,5/24/2001
600322,天房发展,9/10/2001
600323,瀚蓝环境,12/25/2000
600325,华发股份,2/25/2004
600326,西藏天路,1/16/2001
600327,大东方,6/25/2002
600328,兰太实业,12/22/2000
600329,中新药业,6/6/2001
600330,天通股份,1/18/2001
600331,宏达股份,12/20/2001
600332,白云山,2/6/2001
600333,长春燃气,12/11/2000
600335,国机汽车,3/5/2001
600336,澳柯玛,12/29/2000
600337,美克家居,11/27/2000
600338,西藏珠峰,12/27/2000
600339,*ST天利,12/25/2000
600340,华夏幸福,12/30/2003
600343,航天动力,4/8/2003
600345,长江通信,12/22/2000
600346,恒力股份,8/20/2001
600348,阳泉煤业,8/21/2003
600350,山东高速,3/18/2002
600351,亚宝药业,9/26/2002
600352,浙江龙盛,8/1/2003
600353,旭光股份,11/20/2002
600354,敦煌种业,1/15/2004
600355,精伦电子,6/13/2002
600356,恒丰纸业,4/19/2001
600358,国旅联合,9/22/2000
600359,新农开发,4/29/1999
600360,华微电子,3/16/2001
600361,华联综超,11/29/2001
600362,江西铜业,1/11/2002
600363,联创光电,3/29/2001
600365,通葡股份,1/15/2001
600366,宁波韵升,10/30/2000
600367,红星发展,3/20/2001
600368,五洲交通,12/21/2000
600369,西南证券,1/9/2001
600370,三房巷,3/6/2003
600371,万向德农,9/16/2002
600372,中航电子,7/6/2001
600373,中文传媒,3/4/2002
600375,*ST星马,4/1/2003
600376,首开股份,3/12/2001
600377,宁沪高速,1/16/2001
600378,天科股份,1/11/2001
600379,宝光股份,1/16/2002
600380,健康元,6/8/2001
600381,青海春天,5/8/2001
600382,广东明珠,1/18/2001
600383,金地集团,4/12/2001
600385,山东金泰,7/23/2001
600386,北巴传媒,2/16/2001
600387,海越股份,2/18/2004
600388,龙净环保,12/29/2000
600389,江山股份,1/10/2001
600390,*ST金瑞,1/15/2001
600391,成发科技,12/12/2001
600392,盛和资源,5/29/2003
600393,粤泰股份,3/19/2001
600395,盘江股份,5/31/2001
600396,金山股份,3/28/2001
600397,安源煤业,7/2/2002
600398,海澜之家,12/28/2000
600399,抚顺特钢,12/29/2000
600400,红豆股份,1/8/2001
600401,海润光伏,9/24/2003
600403,大有能源,10/9/2003
600405,动力源,4/1/2004
600406,国电南瑞,10/16/2003
600408,安泰集团,2/12/2003
600409,三友化工,6/18/2003
600410,华胜天成,4/27/2004
600415,小商品城,5/9/2002
600416,湘电股份,7/18/2002
600418,江淮汽车,8/24/2001
600419,天润乳业,6/28/2001
600420,现代制药,6/16/2004
600421,仰帆控股,6/7/2004
600422,昆药集团,12/6/2000
600423,柳化股份,7/17/2003
600425,青松建化,7/24/2003
600426,华鲁恒升,6/20/2002
600428,中远海特,4/18/2002
600429,三元股份,9/15/2003
600432,*ST吉恩,9/5/2003
600433,冠豪高新,6/19/2003
600435,北方导航,7/4/2003
600436,片仔癀,6/16/2003
600438,通威股份,3/2/2004
600439,瑞贝卡,7/10/2003
600444,国机通用,2/19/2004
600446,金证股份,12/24/2003
600448,华纺股份,9/3/2001
600449,宁夏建材,8/29/2003
600452,涪陵电力,3/3/2004
600455,博通股份,3/29/2004
600456,宝钛股份,4/12/2002
600458,时代新材,12/19/2002
600459,贵研铂业,5/16/2003
600460,士兰微,3/11/2003
600461,洪城水业,6/1/2004
600462,九有股份,9/3/2003
600463,空港股份,3/18/2004
600466,蓝光发展,2/12/2001
600467,好当家,4/5/2004
600468,百利电气,6/15/2001
600469,风神股份,10/21/2003
600470,六国化工,3/5/2004
600475,华光股份,7/21/2003
600476,湘邮科技,12/10/2003
600477,杭萧钢构,11/10/2003
600478,科力远,9/18/2003
600479,千金药业,3/12/2004
600480,凌云股份,8/15/2003
600481,双良节能,4/22/2003
600482,中国动力,7/14/2004
600483,福能股份,5/31/2004
600485,信威集团,8/7/2003
600486,扬农化工,4/25/2002
600487,亨通光电,8/22/2003
600488,天药股份,6/18/2001
600489,中金黄金,8/14/2003
600490,鹏欣资源,6/26/2003
600491,龙元建设,5/24/2004
600493,凤竹纺织,4/21/2004
600495,晋西车轴,5/26/2004
600496,精工钢构,6/5/2002
600497,驰宏锌锗,4/20/2004
600498,烽火通信,8/23/2001
600499,科达洁能,10/10/2002
600500,中化国际,3/1/2000
600501,航天晨光,6/15/2001
600502,安徽水利,4/15/2003
600503,华丽家族,7/9/2002
600505,西昌电力,5/30/2002
600506,香梨股份,12/26/2001
600507,方大特钢,9/30/2003
600508,上海能源,8/29/2001
600509,天富能源,2/28/2002
600510,黑牡丹,6/18/2002
600511,国药股份,11/27/2002
600512,腾达建设,12/26/2002
600513,联环药业,3/19/2003
600515,海航基础,8/6/2002
600516,方大炭素,8/30/2002
600517,置信电气,10/10/2003
600518,康美药业,3/19/2001
600519,贵州茅台,8/27/2001
600520,*ST中发,1/8/2002
600521,华海药业,3/4/2003
600522,中天科技,10/24/2002
600523,贵航股份,12/27/2001
600525,长园集团,12/2/2002
600526,菲达环保,7/22/2002
600527,江南高纤,11/27/2003
600528,中铁二局,5/28/2001
600529,山东药玻,6/3/2002
600530,交大昂立,7/2/2001
600531,豫光金铅,7/30/2002
600532,宏达矿业,10/31/2002
600533,栖霞建设,3/28/2002
600535,天士力,8/23/2002
600536,中国软件,5/17/2002
600537,亿晶光电,1/23/2003
600538,国发股份,1/14/2003
600539,ST狮头,8/24/2001
600540,新赛股份,1/7/2004
600543,莫高股份,3/24/2004
600545,新疆城建,12/3/2003
600546,*ST山煤,7/31/2003
600547,山东黄金,8/28/2003
600548,深高速,12/25/2001
600549,厦门钨业,11/7/2002
600550,保变电气,2/28/2001
600551,时代出版,9/5/2002
600552,凯盛科技,11/8/2002
600555,海航创新,3/28/2001
600556,ST慧球,8/7/2001
600557,康缘药业,9/18/2002
600558,大西洋,2/27/2001
600559,老白干酒,10/29/2002
600560,金自天正,9/19/2002
600561,江西长运,7/16/2002
600562,国睿科技,1/28/2003
600563,法拉电子,12/10/2002
600565,迪马股份,7/23/2002
600566,济川药业,8/22/2001
600567,山鹰纸业,12/18/2001
600568,中珠医疗,5/18/2001
600569,安阳钢铁,8/20/2001
600570,恒生电子,12/16/2003
600571,信雅达,11/1/2002
600572,康恩贝,4/12/2004
600573,惠泉啤酒,2/26/2003
600575,皖江物流,3/28/2003
600576,万家文化,2/20/2003
600577,精达股份,9/11/2002
600578,京能电力,5/10/2002
600579,天华院,8/9/2002
600580,卧龙电气,6/6/2002
600581,*ST八钢,8/16/2002
600582,天地科技,5/15/2002
600583,海油工程,2/5/2002
600584,长电科技,6/3/2003
600585,海螺水泥,2/7/2002
600586,金晶科技,8/15/2002
600587,新华医疗,9/27/2002
600588,用友网络,5/18/2001
600589,广东榕泰,6/12/2001
600590,泰豪科技,7/3/2002
600592,龙溪股份,8/5/2002
600593,大连圣亚,7/11/2002
600594,益佰制药,3/23/2004
600595,中孚实业,6/26/2002
600596,新安股份,9/6/2001
600597,光明乳业,8/28/2002
600598,北大荒,3/29/2002
600599,熊猫金控,8/28/2001
600600,青岛啤酒,8/27/1993
600601,方正科技,12/19/1990
600602,云赛智联,12/19/1990
600603,*ST兴业,1/13/1992
600604,市北高新,3/27/1992
600605,汇通能源,3/27/1992
600606,绿地控股,3/27/1992
600608,上海科技,3/27/1992
600609,金杯汽车,7/24/1992
600610,中毅达,8/5/1992
600611,大众交通,8/7/1992
600612,老凤祥,8/14/1992
600613,神奇制药,8/20/1992
600614,鼎立股份,8/28/1992
600615,丰华股份,9/10/1992
600616,金枫酒业,9/29/1992
600617,国新能源,10/13/1992
600618,氯碱化工,11/13/1992
600619,海立股份,11/13/1992
600620,天宸股份,11/17/1992
600621,华鑫股份,12/2/1992
600622,嘉宝集团,12/3/1992
600623,华谊集团,12/4/1992
600624,复旦复华,1/5/1993
600626,申达股份,1/7/1993
600628,新世界,1/9/1993
600629,华建集团,2/9/1993
600630,龙头股份,2/9/1993
600633,浙报传媒,3/4/1993
600634,中技控股,3/4/1993
600635,大众公用,3/4/1993
600636,三爱富,3/16/1993
600637,东方明珠,3/16/1993
600638,新黄浦,3/26/1993
600639,浦东金桥,3/26/1993
600640,号百控股,4/7/1993
600641,万业企业,4/7/1993
600642,申能股份,4/16/1993
600643,爱建集团,4/26/1993
600644,乐山电力,4/26/1993
600645,中源协和,5/4/1993
600647,同达创业,5/4/1993
600648,外高桥,5/4/1993
600649,城投控股,5/18/1993
600650,锦江投资,6/7/1993
600651,飞乐音响,9/26/1986
600652,游久游戏,12/19/1990
600653,申华控股,12/19/1990
600654,中安消,12/19/1990
600655,豫园商城,9/2/1992
600657,信达地产,5/24/1993
600658,电子城,5/24/1993
600660,福耀玻璃,6/10/1993
600661,新南洋,6/14/1993
600662,强生控股,6/14/1993
600663,陆家嘴,6/28/1993
600664,哈药股份,6/29/1993
600665,天地源,7/9/1993
600666,奥瑞德,7/12/1993
600667,太极实业,7/28/1993
600668,尖峰集团,7/28/1993
600671,天目药业,8/23/1993
600673,东阳光科,9/17/1993
600674,川投能源,9/24/1993
600675,*ST中企,9/24/1993
600676,交运股份,9/28/1993
600677,航天通信,9/28/1993
600678,四川金顶,10/8/1993
600679,上海凤凰,10/8/1993
600680,上海普天,10/18/1993
600681,百川能源,10/18/1993
600682,南京新百,10/18/1993
600683,京投发展,10/25/1993
600684,珠江实业,10/28/1993
600685,中船防务,10/28/1993
600686,金龙汽车,11/8/1993
600687,刚泰控股,11/8/1993
600688,上海石化,11/8/1993
600689,上海三毛,11/8/1993
600690,青岛海尔,11/19/1993
600691,阳煤化工,11/19/1993
600692,亚通股份,11/19/1993
600693,东百集团,11/22/1993
600694,大商股份,11/22/1993
600695,绿庭投资,11/22/1993
600696,匹凸匹,12/6/1993
600697,欧亚集团,12/6/1993
600698,湖南天雁,12/6/1993
600699,均胜电子,12/6/1993
600701,*ST工新,5/28/1996
600702,沱牌舍得,5/24/1996
600703,三安光电,5/28/1996
600704,物产中大,6/6/1996
600705,中航资本,5/16/1996
600706,曲江文旅,5/16/1996
600707,彩虹股份,5/20/1996
600708,光明地产,6/6/1996
600711,盛屯矿业,5/31/1996
600712,南宁百货,6/26/1996
600713,南京医药,7/1/1996
600714,金瑞矿业,6/6/1996
600715,文投控股,7/1/1996
600716,凤凰股份,7/2/1996
600717,天津港,6/14/1996
600718,东软集团,6/18/1996
600719,大连热电,7/16/1996
600720,祁连山,7/16/1996
600721,*ST百花,6/26/1996
600722,金牛化工,6/26/1996
600723,首商股份,7/16/1996
600724,宁波富达,7/16/1996
600725,*ST云维,7/2/1996
600726,华电能源,7/1/1996
600727,鲁北化工,7/2/1996
600728,佳都科技,7/16/1996
600729,重庆百货,7/2/1996
600730,中国高科,7/26/1996
600731,湖南海利,8/2/1996
600733,S前锋,8/16/1996
600734,实达集团,8/8/1996
600735,新华锦,7/26/1996
600736,苏州高新,8/15/1996
600737,中粮屯河,7/31/1996
600738,兰州民百,8/2/1996
600739,辽宁成大,8/19/1996
600740,山西焦化,8/8/1996
600741,华域汽车,8/26/1996
600742,一汽富维,8/26/1996
600743,华远地产,9/9/1996
600744,华银电力,9/5/1996
600745,中茵股份,8/28/1996
600746,江苏索普,9/18/1996
600747,大连控股,9/16/1996
600748,上实发展,9/25/1996
600749,西藏旅游,10/15/1996
600750,江中药业,9/23/1996
600751,天海投资,9/9/1996
600753,东方银星,9/27/1996
600754,锦江股份,10/11/1996
600755,厦门国贸,10/3/1996
600756,浪潮软件,9/23/1996
600757,长江传媒,10/3/1996
600758,红阳能源,10/29/1996
600759,洲际油气,10/8/1996
600760,*ST黑豹,10/11/1996
600761,安徽合力,10/9/1996
600763,通策医疗,10/30/1996
600764,中电广通,11/4/1996
600765,中航重机,11/6/1996
600766,园城黄金,10/28/1996
600767,运盛医疗,11/15/1996
600768,宁波富邦,11/11/1996
600769,祥龙电业,11/1/1996
600770,综艺股份,11/20/1996
600771,广誉远,11/5/1996
600773,西藏城投,11/8/1996
600774,汉商集团,11/8/1996
600775,南京熊猫,11/18/1996
600776,东方通信,11/26/1996
600777,新潮能源,11/21/1996
600778,友好集团,12/3/1996
600779,水井坊,12/6/1996
600780,通宝能源,12/5/1996
600781,辅仁药业,12/18/1996
600782,新钢股份,12/25/1996
600783,鲁信创投,12/25/1996
600784,鲁银投资,12/25/1996
600785,新华百货,1/8/1997
600787,中储股份,1/21/1997
600789,鲁抗医药,2/26/1997
600790,轻纺城,2/28/1997
600791,京能置业,1/30/1997
600792,云煤能源,1/23/1997
600793,宜宾纸业,2/20/1997
600794,保税科技,3/6/1997
600795,国电电力,3/18/1997
600796,钱江生化,4/8/1997
600797,浙大网新,4/18/1997
600798,宁波海运,4/23/1997
600800,天津磁卡,12/6/1993
600801,华新水泥,1/3/1994
600802,福建水泥,1/3/1994
600803,新奥股份,1/3/1994
600804,鹏博士,1/3/1994
600805,悦达投资,1/3/1994
600806,*ST昆机,1/3/1994
600807,天业股份,1/3/1994
600808,马钢股份,1/6/1994
600809,山西汾酒,1/6/1994
600810,神马股份,1/6/1994
600811,东方集团,1/6/1994
600812,华北制药,1/14/1994
600814,杭州解百,1/14/1994
600815,厦工股份,1/28/1994
600816,安信信托,1/28/1994
600817,*ST宏盛,1/28/1994
600818,中路股份,1/28/1994
600819,耀皮玻璃,1/28/1994
600820,隧道股份,1/28/1994
600821,津劝业,1/28/1994
600822,上海物贸,2/4/1994
600823,世茂股份,2/4/1994
600824,益民集团,2/4/1994
600825,新华传媒,2/4/1994
600826,兰生股份,2/4/1994
600827,百联股份,2/4/1994
600828,茂业商业,2/24/1994
600829,人民同泰,2/24/1994
600830,香溢融通,2/24/1994
600831,广电网络,2/24/1994
600833,第一医药,2/24/1994
600834,申通地铁,2/24/1994
600835,上海机电,2/24/1994
600836,界龙实业,2/24/1994
600837,海通证券,2/24/1994
600838,上海九百,2/24/1994
600839,四川长虹,3/11/1994
600841,上柴股份,3/11/1994
600843,上工申贝,3/11/1994
600844,丹化科技,3/11/1994
600845,宝信软件,3/11/1994
600846,同济科技,3/11/1994
600847,万里股份,3/24/1994
600848,上海临港,3/24/1994
600850,华东电脑,3/24/1994
600851,海欣股份,4/4/1994
600853,龙建股份,4/4/1994
600854,春兰股份,4/25/1994
600855,航天长峰,4/25/1994
600856,中天能源,4/25/1994
600857,宁波中百,4/25/1994
600858,银座股份,5/6/1994
600859,王府井,5/6/1994
600860,京城股份,5/6/1994
600861,北京城乡,5/20/1994
600862,中航高科,5/20/1994
600863,内蒙华电,5/20/1994
600864,哈投股份,8/9/1994
600865,百大集团,8/9/1994
600866,*ST星湖,8/18/1994
600867,通化东宝,8/24/1994
600868,梅雁吉祥,9/12/1994
600869,智慧能源,2/6/1995
600870,厦华电子,2/28/1995
600871,石化油服,4/11/1995
600872,中炬高新,1/24/1995
600873,梅花生物,2/17/1995
600874,创业环保,6/30/1995
600875,东方电气,10/10/1995
600876,洛阳玻璃,10/31/1995
600877,中国嘉陵,10/13/1995
600879,航天电子,11/15/1995
600880,博瑞传播,11/15/1995
600881,亚泰集团,11/15/1995
600882,广泽股份,12/6/1995
600883,博闻科技,12/8/1995
600884,杉杉股份,1/30/1996
600885,宏发股份,2/5/1996
600886,国投电力,1/18/1996
600887,伊利股份,3/12/1996
600888,新疆众和,2/15/1996
600889,南京化纤,3/8/1996
600890,中房股份,3/18/1996
600891,秋林集团,3/25/1996
600892,大晟文化,3/15/1996
600893,中航动力,4/8/1996
600894,广日股份,3/28/1996
600895,张江高科,4/22/1996
600896,览海投资,5/3/1996
600897,厦门空港,5/31/1996
600898,三联商社,4/18/1996
600900,长江电力,11/18/2003
600908,无锡银行,9/23/2016
600909,华安证券,12/6/2016
600917,重庆燃气,9/30/2014
600919,江苏银行,8/2/2016
600926,杭州银行,10/27/2016
600936,广西广电,8/15/2016
600958,东方证券,3/23/2015
600959,江苏有线,4/28/2015
600960,渤海活塞,4/7/2004
600961,株冶集团,8/30/2004
600962,国投中鲁,6/22/2004
600963,岳阳林纸,5/25/2004
600965,福成股份,7/13/2004
600966,博汇纸业,6/8/2004
600967,北方创业,5/18/2004
600969,郴电国际,4/8/2004
600970,中材国际,4/12/2005
600971,恒源煤电,8/17/2004
600973,宝胜股份,8/2/2004
600975,新五丰,6/9/2004
600976,健民集团,4/19/2004
600977,中国电影,8/9/2016
600978,宜华生活,8/24/2004
600979,广安爱众,9/6/2004
600980,北矿科技,5/12/2004
600981,汇鸿集团,6/30/2004
600982,宁波热电,7/6/2004
600983,惠而浦,7/27/2004
600984,建设机械,7/7/2004
600985,雷鸣科化,4/28/2004
600986,科达股份,4/26/2004
600987,航民股份,8/9/2004
600988,赤峰黄金,4/14/2004
600990,四创电子,5/10/2004
600992,贵绳股份,5/14/2004
600993,马应龙,5/17/2004
600995,文山电力,6/15/2004
600996,贵广网络,-
600997,开滦股份,6/2/2004
600998,九州通,11/2/2010
600999,招商证券,11/17/2009
601000,唐山港,7/5/2010
601001,大同煤业,6/23/2006
601002,晋亿实业,1/26/2007
601003,柳钢股份,2/27/2007
601005,重庆钢铁,2/28/2007
601006,大秦铁路,8/1/2006
601007,金陵饭店,4/6/2007
601008,连云港,4/26/2007
601009,南京银行,7/19/2007
601010,文峰股份,6/3/2011
601011,宝泰隆,3/9/2011
601012,隆基股份,4/11/2012
601015,陕西黑猫,11/5/2014
601016,节能风电,9/29/2014
601018,宁波港,9/28/2010
601020,华钰矿业,3/16/2016
601021,春秋航空,1/21/2015
601028,玉龙股份,11/7/2011
601038,一拖股份,8/8/2012
601058,赛轮金宇,6/30/2011
601069,西部黄金,1/22/2015
601088,中国神华,10/9/2007
601098,中南传媒,10/28/2010
601099,太平洋,12/28/2007
601100,恒立液压,10/28/2011
601101,昊华能源,3/31/2010
601106,中国一重,2/9/2010
601107,四川成渝,7/27/2009
601111,中国国航,8/18/2006
601113,华鼎股份,5/9/2011
601116,三江购物,3/2/2011
601117,中国化学,1/7/2010
601118,海南橡胶,1/7/2011
601126,四方股份,12/31/2010
601127,小康股份,6/15/2016
601128,常熟银行,9/30/2016
601137,博威合金,1/27/2011
601139,深圳燃气,12/25/2009
601155,新城控股,12/4/2015
601158,重庆水务,3/29/2010
601163,三角轮胎,9/9/2016
601166,兴业银行,2/5/2007
601168,西部矿业,7/12/2007
601169,北京银行,9/19/2007
601177,杭齿前进,10/11/2010
601179,中国西电,1/28/2010
601186,中国铁建,3/10/2008
601188,龙江交通,3/19/2010
601198,东兴证券,2/26/2015
601199,江南水务,3/17/2011
601208,东材科技,5/20/2011
601211,国泰君安,6/26/2015
601216,君正集团,2/22/2011
601218,吉鑫科技,5/6/2011
601222,林洋能源,8/8/2011
601225,陕西煤业,1/28/2014
601226,华电重工,12/11/2014
601229,上海银行,11/16/2016
601231,环旭电子,2/20/2012
601233,桐昆股份,5/18/2011
601238,广汽集团,3/29/2012
601258,庞大集团,4/28/2011
601288,农业银行,7/15/2010
601311,骆驼股份,6/2/2011
601313,江南嘉捷,1/16/2012
601318,中国平安,3/1/2007
601328,交通银行,5/15/2007
601333,广深铁路,12/22/2006
601336,新华保险,12/16/2011
601339,百隆东方,6/12/2012
601368,绿城水务,6/12/2015
601369,陕鼓动力,4/28/2010
601375,中原证券,1/3/2017
601377,兴业证券,10/13/2010
601388,怡球资源,4/23/2012
601390,中国中铁,12/3/2007
601398,工商银行,10/27/2006
601500,通用股份,9/19/2016
601515,东风股份,2/16/2012
601518,吉林高速,3/19/2010
601519,大智慧,1/28/2011
601555,东吴证券,12/12/2011
601558,华锐风电,1/13/2011
601566,九牧王,5/30/2011
601567,三星医疗,6/15/2011
601579,会稽山,8/25/2014
601588,北辰实业,10/16/2006
601595,上海电影,8/17/2016
601599,鹿港文化,5/27/2011
601600,中国铝业,4/30/2007
601601,中国太保,12/25/2007
601607,上海医药,3/24/1994
601608,中信重工,7/6/2012
601611,中国核建,6/6/2016
601616,广电电气,2/1/2011
601618,中国中冶,9/21/2009
601628,中国人寿,1/9/2007
601633,长城汽车,9/28/2011
601636,旗滨集团,8/12/2011
601666,平煤股份,11/23/2006
601668,中国建筑,7/29/2009
601669,中国电建,10/18/2011
601677,明泰铝业,9/19/2011
601678,滨化股份,2/23/2010
601688,华泰证券,2/26/2010
601689,拓普集团,3/19/2015
601699,潞安环能,9/22/2006
601700,风范股份,1/18/2011
601717,郑煤机,8/3/2010
601718,际华集团,8/16/2010
601727,上海电气,12/5/2008
601766,中国中车,8/18/2008
601777,力帆股份,11/25/2010
601788,光大证券,8/18/2009
601789,宁波建工,8/16/2011
601798,蓝科高新,6/22/2011
601799,星宇股份,2/1/2011
601800,中国交建,3/9/2012
601801,皖新传媒,1/18/2010
601808,中海油服,9/28/2007
601811,新华文轩,8/8/2016
601818,光大银行,8/18/2010
601857,中国石油,11/5/2007
601866,中远海发,12/12/2007
601872,招商轮船,12/1/2006
601877,正泰电器,1/21/2010
601880,大连港,12/6/2010
601882,海天精工,11/7/2016
601886,江河集团,8/18/2011
601888,中国国旅,10/15/2009
601890,亚星锚链,12/28/2010
601898,中煤能源,2/1/2008
601899,紫金矿业,4/25/2008
601900,南方传媒,2/15/2016
601901,方正证券,8/10/2011
601908,京运通,9/8/2011
601918,*ST新集,12/19/2007
601919,中远海控,6/26/2007
601928,凤凰传媒,11/30/2011
601929,吉视传媒,2/23/2012
601933,永辉超市,12/15/2010
601939,建设银行,9/25/2007
601958,金钼股份,4/17/2008
601965,中国汽研,6/11/2012
601966,玲珑轮胎,7/6/2016
601968,宝钢包装,6/11/2015
601969,海南矿业,12/9/2014
601985,中国核电,6/10/2015
601988,中国银行,7/5/2006
601989,中国重工,12/16/2009
601991,大唐发电,12/20/2006
601992,金隅股份,3/1/2011
601996,丰林集团,9/29/2011
601997,贵阳银行,8/16/2016
601998,中信银行,4/27/2007
601999,出版传媒,12/21/2007
603000,人民网,4/27/2012
603001,奥康国际,4/26/2012
603002,宏昌电子,5/18/2012
603003,龙宇燃油,8/17/2012
603005,晶方科技,2/10/2014
603006,联明股份,6/30/2014
603007,花王股份,8/26/2016
603008,喜临门,7/17/2012
603009,北特科技,7/18/2014
603010,万盛股份,10/10/2014
603011,合锻智能,11/7/2014
603012,创力集团,3/20/2015
603015,弘讯科技,3/3/2015
603016,新宏泰,7/1/2016
603017,中衡设计,12/31/2014
603018,中设集团,10/13/2014
603019,中科曙光,11/6/2014
603020,爱普股份,3/25/2015
603021,山东华鹏,4/23/2015
603022,新通联,5/18/2015
603023,威帝股份,5/27/2015
603025,大豪科技,4/22/2015
603026,石大胜华,5/29/2015
603027,千禾味业,3/7/2016
603028,赛福天,3/31/2016
603029,天鹅股份,4/27/2016
603030,全筑股份,3/20/2015
603031,安德利,8/22/2016
603032,德新交运,1/5/2017
603033,三维股份,12/7/2016
603035,常熟汽饰,1/5/2017
603036,如通股份,12/9/2016
603038,华立股份,1/16/2017
603039,泛微网络,1/13/2017
603058,永吉股份,12/23/2016
603060,国检集团,11/9/2016
603066,音飞储存,6/11/2015
603067,振华股份,9/13/2016
603069,海汽集团,7/12/2016
603077,和邦生物,7/31/2012
603085,天成自控,6/30/2015
603088,宁波精达,11/11/2014
603090,宏盛股份,8/31/2016
603098,森特股份,12/16/2016
603099,长白山,8/22/2014
603100,川仪股份,8/5/2014
603101,汇嘉时代,5/6/2016
603108,润达医疗,5/27/2015
603111,康尼机电,8/1/2014
603116,红蜻蜓,6/29/2015
603117,万林股份,6/29/2015
603118,共进股份,2/25/2015
603123,翠微股份,5/3/2012
603126,中材节能,7/31/2014
603128,华贸物流,5/29/2012
603131,上海沪工,6/7/2016
603158,腾龙股份,3/20/2015
603159,上海亚虹,8/12/2016
603160,汇顶科技,10/17/2016
603166,福达股份,11/27/2014
603167,渤海轮渡,9/6/2012
603168,莎普爱思,7/2/2014
603169,兰石重装,10/9/2014
603186,华正新材,1/3/2017
603188,亚邦股份,9/9/2014
603189,网达软件,9/14/2016
603198,迎驾贡酒,5/28/2015
603199,九华旅游,3/26/2015
603203,快克股份,11/8/2016
603218,日月股份,12/28/2016
603222,济民制药,2/17/2015
603223,恒通股份,6/30/2015
603227,雪峰科技,5/15/2015
603228,景旺电子,1/6/2017
603239,浙江仙通,12/30/2016
603258,电魂网络,10/26/2016
603266,天龙股份,1/10/2017
603268,松发股份,3/19/2015
603288,海天味业,2/11/2014
603298,杭叉集团,12/27/2016
603299,井神股份,12/31/2015
603300,华铁科技,5/29/2015
603306,华懋科技,9/26/2014
603308,应流股份,1/22/2014
603309,维力医疗,3/2/2015
603311,金海环境,5/18/2015
603313,梦百合,10/13/2016
603315,福鞍股份,4/24/2015
603318,派思股份,4/24/2015
603319,湘油泵,11/30/2016
603322,超讯通信,7/28/2016
603323,吴江银行,11/29/2016
603328,依顿电子,7/1/2014
603333,明星电缆,5/7/2012
603336,宏辉果蔬,11/24/2016
603338,浙江鼎力,3/25/2015
603339,四方冷链,5/19/2016
603355,莱克电气,5/13/2015
603366,日出东方,5/21/2012
603368,柳州医药,12/4/2014
603369,今世缘,7/3/2014
603377,东方时尚,2/5/2016
603389,亚振家居,12/15/2016
603393,新天然气,9/12/2016
603398,邦宝益智,12/9/2015
603399,新华龙,8/24/2012
603416,信捷电气,12/21/2016
603421,鼎信通讯,10/11/2016
603444,吉比特,1/4/2017
603456,九洲药业,10/10/2014
603508,思维列控,12/24/2015
603515,欧普照明,8/19/2016
603518,维格娜丝,12/3/2014
603519,立霸股份,3/19/2015
603520,司太立,3/9/2016
603528,多伦科技,5/3/2016
603555,贵人鸟,1/24/2014
603556,海兴电力,11/10/2016
603558,健盛集团,1/27/2015
603559,中通国脉,12/2/2016
603566,普莱柯,5/18/2015
603567,珍宝岛,4/24/2015
603568,伟明环保,5/28/2015
603569,长久物流,8/10/2016
603577,汇金通,12/22/2016
603579,荣泰健康,1/11/2017
603585,苏利股份,12/14/2016
603588,高能环境,12/29/2014
603589,口子窖,6/29/2015
603598,引力传媒,5/27/2015
603599,广信股份,5/13/2015
603600,永艺股份,1/23/2015
603601,再升科技,1/22/2015
603606,东方电缆,10/15/2014
603608,天创时尚,2/18/2016
603609,禾丰牧业,8/8/2014
603611,诺力股份,1/28/2015
603616,韩建河山,6/11/2015
603618,杭电股份,2/17/2015
603628,清源股份,1/12/2017
603633,?木股份,11/17/2016
603636,南威软件,12/30/2014
603639,海利尔,1/12/2017
603658,安图生物,9/1/2016
603660,苏州科达,12/1/2016
603663,三祥新材,8/1/2016
603667,五洲新春,10/25/2016
603669,灵康药业,5/28/2015
603678,火炬电子,1/26/2015
603686,龙马环卫,1/26/2015
603688,石英股份,10/31/2014
603689,皖天然气,1/10/2017
603690,至纯科技,1/13/2017
603696,安记食品,12/9/2015
603698,航天工程,1/28/2015
603699,纽威股份,1/17/2014
603701,德宏股份,4/12/2016
603703,盛洋科技,4/23/2015
603708,家家悦,12/13/2016
603716,塞力斯,10/31/2016
603718,海利生物,5/15/2015
603726,朗迪集团,4/21/2016
603727,博迈科,11/22/2016
603729,龙韵股份,3/24/2015
603737,三棵树,6/3/2016
603738,泰晶科技,9/28/2016
603766,隆鑫通用,8/10/2012
603777,来伊份,10/12/2016
603778,乾景园林,12/31/2015
603779,威龙股份,5/16/2016
603788,宁波高发,1/20/2015
603789,星光农机,4/27/2015
603798,康普顿,4/6/2016
603799,华友钴业,1/29/2015
603800,道森股份,12/10/2015
603806,福斯特,9/5/2014
603808,歌力思,4/22/2015
603816,顾家家居,10/14/2016
603818,曲美家居,4/22/2015
603819,神力股份,11/25/2016
603822,嘉澳环保,4/28/2016
603823,百合花,12/20/2016
603828,柯利达,2/26/2015
603838,四通股份,7/1/2015
603843,正平股份,9/5/2016
603858,步长制药,11/18/2016
603859,能科股份,10/21/2016
603861,白云电器,3/22/2016
603866,桃李面包,12/22/2015
603868,飞科电器,4/18/2016
603869,北部湾旅,3/26/2015
603877,太平鸟,1/9/2017
603878,武进不锈,12/19/2016
603883,老百姓,4/23/2015
603885,吉祥航空,5/27/2015
603886,元祖股份,12/28/2016
603887,城地股份,10/10/2016
603888,新华网,10/28/2016
603889,新澳股份,12/31/2014
603898,好莱客,2/17/2015
603899,晨光文具,1/27/2015
603900,通灵珠宝,11/23/2016
603901,永创智能,5/29/2015
603909,合诚股份,6/28/2016
603918,金桥信息,5/28/2015
603919,金徽酒,3/10/2016
603928,兴业股份,12/12/2016
603929,亚翔集成,12/30/2016
603936,博敏电子,12/9/2015
603939,益丰药房,2/17/2015
603958,哈森股份,6/29/2016
603959,百利科技,5/17/2016
603968,醋化股份,5/18/2015
603969,银龙股份,2/27/2015
603977,国泰集团,11/11/2016
603979,金诚信,6/30/2015
603986,兆易创新,8/18/2016
603987,康德莱,11/21/2016
603988,中电电机,11/4/2014
603989,艾华集团,5/15/2015
603990,麦迪科技,12/8/2016
603993,洛阳钼业,10/9/2012
603996,中新科技,12/22/2015
603997,继峰股份,3/2/2015
603998,方盛制药,12/5/2014
603999,读者传媒,12/10/2015
603127,昭衍新药,2017-08-25
603181,皇马科技,2017-08-24
603079,圣达生物,2017-08-23
603976,正川股份,2017-08-22
601949,中国出版,2017-08-21
603500,祥和实业,2017-09-04
603359,东珠景观,2017-09-01
603183,建研院,2017-09-05
603725,天安新材,2017-09-06
603386,广东骏亚,2017-09-12
603277,银都股份,2017-09-11
603882,金域医学,2017-09-08
603527,众源新材,2017-09-07
603648,畅联股份,2017-09-13
603055,台华新材,2017-09-21
603533,掌阅科技,2017-09-21
603106,恒银金融,2017-09-20
603813,原尚物流,2017-09-18
603321,梅轮电梯,2017-09-15
603963,大理药业,2017-09-22
603157,拉夏贝尔,2017-09-25
603363,傲农生物,2017-09-26
603136,天目湖,2017-09-27
